Code;Nom;Famille;Coefficient;PrixBaseHT;PrixBaseTTC
01V96;Console 16/8 numérique Yamaha 01V96  24 bits 96 Khz;MIX.;1;€70,00 ;€84,00 
30J;Devis valable 30 jours à partir de la date de création;OPTION.;0;€0,00 ;€0,00 
4CANAUX;Fp10k - 4x1300W/8 - 4x2000W/4 - 4x 2500/2;AMP.;1;€60,00 ;€72,00 
ACL;2 Barres de 4 ACL 28V 250W;TRAD.;1;€35,00 ;€42,00 
ADAPTXO;Adaptateur pour fixation XO15 sur pied;STR.;1;€2,00 ;€2,40 
ADAT8;Carte extension ADAT8IN/8OUTADA8000;PERI.;21,93;€21,93 ;€26,32 
ALIM3X16A;Bloc Alim 32 vers 6X16A a affichage tension et intensité;ALIM.;1;€15,00 ;€18,00 
ALIM50M;Câble d'alimentation Powercon sur touret 50m;ALIM.;1;€15,00 ;€18,00 
ANGLE250;Angle 90° Mobiltech alu 250;STR.;1;€5,00 ;€6,00 
APEXDBQZERO;Egaliseur 1/3oct. stéréo  DBQ Zero Apex;PERI.;1;€25,00 ;€30,00 
APEXGX230;Egaliseur 1/3oct. stéréo GX230 Apex;PERI.;1;€25,00 ;€30,00 
ARCOM4000;Arri compact 4000 fresnel HMI;;1;€200,00 ;€240,00 
ARCS;Enceinte WST L-Acoustics  ARCS Biamp 750W 22.5°;ENC.;1;€33,00 ;€39,60 
ARMOIRE125A;Armoire élec. protégée Tri+N+T 125A/phase 30/300mA;ALIM.;1;€70,00 ;€84,00 
ARMOIRE32A;Armoire alim. élec. Tri+N+T 32A/phase protec.30mA;ALIM.;1;€35,00 ;€42,00 
ARMOIRE3X16;Armoire électrique 3x16A;ALIM.;1;€15,00 ;€18,00 
ARMOIRE63A;Armoire 63A Tri +N+T/3x32A Tri+N+T;ALIM.;1;€40,00 ;€48,00 
ARMOIREMOT;Armoire moteurs 4 commandes individuelles;ACC.;1;€30,00 ;€36,00 
ASSIST;Assistant montage / plateau;PERS.;1;€327,00 ;€392,40 
B5;Micro statique double capsule B5 Behringer;CAPT.;1;€10,00 ;€12,00 
B52;Micro supercardioïde BETA 52 Shure;CAPT.;1;€7,00 ;€8,40 
B57A;Micro supercardioïde B57A Shure;CAPT.;1;€7,00 ;€8,40 
B58;Micro supercardioïde Béta 58 Shure;CAPT.;1;€7,00 ;€8,40 
B91;Micro Shure Beta 91 statique de surface;CAPT.;1;€15,00 ;€18,00 
B98;Microphone Shure B98 pince cuivre;CAPT.;1;€15,00 ;€18,00 
BACKLINER;Backliner plateau  cachet brut + charges;PERS.;1;€327,00 ;€392,40 
BAMP4X10;Baffle Ampeg 4X10 néo pro;;1;€30,00 ;€36,00 
BARRALU;Barre aluminium 2m diam.50 avec coquille;STR.;1;€4,00 ;€4,80 
BARRE6PROJO;Barre en T pour 6 projecteurs;TRAD.;1;€3,50 ;€4,20 
BARREPAR;Barre de 4 projecteurs PAR HPL 575;TRAD.;1;€20,00 ;€24,00 
BARREPAR2;Barre de 2 projecteurs PAR HPL 575;TRAD.;1;€8,00 ;€9,60 
BBANQU;Banquette;;1;€15,00 ;€18,00 
BCCDW14;Caisse claire DW 14;;1;€25,00 ;€30,00 
BCYMCHA;Cymbale Charleston 14;;1;€12,00 ;€14,40 
BCYMCRASH18;Cymbale crash 18;;1;€8,00 ;€9,60 
BCYMCRASH19;Cymbale crash 19;;1;€10,00 ;€12,00 
BCYMRIDE;Cymbale ride 20;;1;€10,00 ;€12,00 
BFTOM16;Floor Tom DW 16;;1;€29,00 ;€34,80 
BFTOM18;Floor Tom DW 18;;1;€32,00 ;€38,40 
BGC22;Grosse caisse DW 22;;1;€50,00 ;€60,00 
BLOC12X3;Bloc DMX 12x 2.3 kW + Protec 30mA P17 32;BLOC.;1;€35,00 ;€42,00 
BLOC4;Bloc de puissance 4 circuits / alim PC16;TRAD.;1;€2,00 ;€2,40 
BMARSHALL;Ampli guitare à lampes Marshall;;1;€60,00 ;€72,00 
BNORD2;Clavier nord stage 2 88ex;;1;€100,00 ;€120,00 
BOITIER32MONO;Boîtier d'alimentation 32A Tri vers 3x 32A mono;ALIM.;1;€10,00 ;€12,00 
BOITIER63A;Boitier de dérivation P17 1x63a / 2 x 32A + 30mA;ALIM.;1;€10,00 ;€12,00 
BPEDCHARLEY;Pédale charleston DW;;1;€15,00 ;€18,00 
BPEDGC;Pedale de grosse caisse DW;;1;€15,00 ;€18,00 
BPIEDCYM;Pied de cymbale perche DW;;1;€5,00 ;€6,00 
BPUPITRE;Pupitre;;1;€15,00 ;€18,00 
BR18;Kyu BR18 Sub Bass reflex 1000W AES 98dB@1W;ENC.;1;€20,00 ;€24,00 
BR25;"Kyu BR25 Sub Bass Reflex 2x18"" bobine 5""";ENC.;1;€35,00 ;€42,00 
BROUILLARD;Machine à brouillard TX-1500;TRAD.;1;€60,00 ;€72,00 
BSTANDAX48;Stand clavier double AX48;;1;€15,00 ;€18,00 
BSVTCL;Tête Ampeg SVT CL classic;;1;€50,00 ;€60,00 
BSYNTTRITON;Korg triton le 88;;1;€110,00 ;€132,00 
BTOM13;Tom DW 13;;0;€0,00 ;€0,00 
C414;"Microphone statique 1"" AKG C414";CAPT.;1;€30,00 ;€36,00 
C451;Micro statique cardioïde C451 AKG;CAPT.;1;€15,00 ;€18,00 
C535EB;Micro statique cardioïde C535eb AKG;CAPT.;1;€15,00 ;€18,00 
CABLESALIM;Ensemble de câbles d'alimentation P17 / Powercon;ALIM.;1;€25,00 ;€30,00 
CABLESHP;Ensemble de câbles HP FOH/Monitoring;CABHP.;1;€25,00 ;€30,00 
CABLESLIGHT;Ensemble de câbles lumière;CABLIGHT.;1;€25,00 ;€30,00 
CABLESMODULE;Ensemble de câbles modulation XLR/XLR;CON.;1;€25,00 ;€30,00 
CABLESPLAT;Ensemble de sous-patch modulaire plateau;CON.;1;€60,00 ;€72,00 
CABLESRJ;Ensemble de câbles réseau RJ45;CON.;1;€60,00 ;€72,00 
CDAUDIOPHONY;Lecteur CD Audiophony CD1230;LEC.;1;€10,00 ;€12,00 
CDAUTO;Lecteur CD Autopause;LEC.;1;€31,00 ;€37,20 
CDDOUBLE;Double lecteur CD Audiophony + télécommande;LEC.;1;€20,00 ;€24,00 
CHAUFFEUR;Chauffeur livraison;PERS.;1;€110,00 ;€132,00 
CL5;Console Digitale Yamaha CL5 + Rio3224D + multi RJ45;MIX.;1;€400,00 ;€480,00 
CLEM;Affaire suivie par Clémence;;0;€0,00 ;€0,00 
CONTROL1;Rack contrôle EQ XTA et Ultra-curve DEQ2496 Behringer;PERI.;1;€40,00 ;€48,00 
CONTROL2;Rack de contrôle  EQ XTA et/ou  APEX GX230;PERI.;1;€40,00 ;€48,00 
CONTROL3;Rack de contrôle Lake LM44 + Switch Gigabit Cisco;PERI.;1;€60,00 ;€72,00 
CRASH20;Crash barrières 20Mètres;;1;€800,00 ;€960,00 
CSCENE;Camion scène hydrolique;;1;€6?000,00 ;€7?200,00 
D2002;Amplificateur digital Powersoft 2x 1000W @ 2 Ohm 2x 350W @ 8 Ohm;AMP.;1;€20,00 ;€24,00 
D3002;Amplificateur Digital Powersoft 2x 1500W @ 2 Ohm 2x 500 @ 8 Ohm;AMP.;1;€25,00 ;€30,00 
D7000;Ampli Digital Powersoft 2x 3500W @ 2 Ohms  Digam 7000;AMP.;1;€30,00 ;€36,00 
DANTE;Carte Audinate Dante MY16-AUD;PERI.;1;€40,00 ;€48,00 
DBX160;Compresseur/limiteur mono DBX160A;PERI.;1;€19,00 ;€22,80 
DCX2496;Ultra-Drive Pro DCX2496 Behringer;PERI.;1;€20,00 ;€24,00 
DECOUPECOURTE;Projecteur découpe courte Scenilux 1000 W;TRAD.;1;€13,00 ;€15,60 
DEP1;Defraiement technicien hébergement + repas/J;LOGI.;1;€115,00 ;€138,00 
DEP2;Defraiement technicien repas/J;LOGI.;1;€40,00 ;€48,00 
DEP3;Defraiement technicien hébergement/J;LOGI.;1;€75,00 ;€90,00 
DEP4;Defraiement technicien repas midi;LOGI.;1;€20,00 ;€24,00 
DIACTIVE;Boîtier de direct actif DI100 Behringer;CAPT.;1;€4,00 ;€4,80 
DIBSS;Boîtier de direct actif  AR133 BSS;CAPT.;1;€8,00 ;€9,60 
DIFDJIP1;Diffusion 2xDjip + 1 TK18  + Amplificateur Digital 4x500W + processeur;ENC.;1;€80,00 ;€96,00 
DIFDJIP2;Diff. 3x Djip + 1TK18 + 1 Ampli Digital 4x 400W + proc.;ENC.;1;€95,00 ;€114,00 
DIFDJIP3;Diffusion 2xDjip + 2 TK18  + Amplificateur Digital 4x500W + processeur;ENC.;1;€95,00 ;€114,00 
DIFFARCS;Système de diffusion L-ACOUSTICS Arcs;COMPO.;0;€0,00 ;€0,00 
DIFFJUNO;Sytème de diffusion KYU SYSTEMS Juno;COMPO.;0;€0,00 ;€0,00 
DIFFK10;Système de diffusion KYU SYSTEMS Kryter 10;COMPO.;0;€0,00 ;€0,00 
DIFFK12;Système de diffusion KYU SYSTEMS  Kryter 12;COMPO.;0;€0,00 ;€0,00 
DIFFRO;Système de diffusion KYU SYSTEMS Ro15;COMPO.;0;€0,00 ;€0,00 
DIPASSIVE;Boîtier de direct passif DIB100 Monacor;CAPT.;1;€7,00 ;€8,40 
DISPATCH16A;Contrôleur d'alimentation 8 voies avec interrupteurs;TRAD.;1;€3,50 ;€4,20 
DIV;-;VDIVELEC.;0;€0,00 ;€0,00 
DJIP;"Enceinte coax 12""+2"" DJIP  500 W";ENC.;1;€22,00 ;€26,40 
DL241;Comp/gate/limiteur 2 canaux Drawmer DL241;PERI.;1;€25,00 ;€30,00 
DMX;Rouleau 50 m dmx 3 conducteurs XLR / XLR;CABLIGHT.;1;€8,00 ;€9,60 
DP224;Processeur numérique XTA DP224 2in/4out;PERI.;1;€35,00 ;€42,00 
DP6I;Processeur numérique XTA DP6i 2in/6out;PERI.;1;€35,00 ;€42,00 
DPA4060;Micro miniature omni DPA4060 adaptateur 48V ou HF Pocket;CAPT.;1;€25,00 ;€30,00 
DPA4061;Micro miniature omni DPA 4061 Adaptateur 48V ou HF Pocket;CAPT.;1;€25,00 ;€30,00 
DPA4066;Micro serre tête miniature YPA / DPA;CAPT.;1;€35,00 ;€42,00 
DPA4080;Micro Cravate miniature cardio DPA4080;CAPT.;1,75;€35,00 ;€42,00 
DPA4088;Microphone DPA4088 tour de cou chant cardioide;CAPT.;1;€25,00 ;€30,00 
DPR504;Quadruple gate BSS DPR 504;PERI.;1;€25,00 ;€30,00 
DPR901;Compresseur 4 canaux BSS DPR901 II;PERI.;1;€40,00 ;€48,00 
DPR944;Comp/gate Opale 2 canaux BSS DPR944;PERI.;1;€20,00 ;€24,00 
DRIVER12/100;Driver 12 paires 100m + boîtier XLR;MULTI.;1;€30,00 ;€36,00 
DRIVER12/30;Traversée de scène/driver 12 p./30m sur touret + boîtier;MULTI.;1;€15,00 ;€18,00 
DRIVER12PAIRES;Driver 12 paires 70m sur touret + boitier XLR;MULTI.;1;€20,00 ;€24,00 
DRIVER4PAIRES;Driver 4 paires + boîtier XLR;MULTI.;1;€8,00 ;€9,60 
DRIVER8PAIRES;Driver 8 paires 50m sur touret + boitier XLR;MULTI.;1;€15,00 ;€18,00 
DSP10K;Amplificateur class Td 4x2800 W @ 3 Ohm avec DSP 2 In - 4 Out;AMP.;1;€70,00 ;€84,00 
DSP4K;Amplificateur Digital dsp 2In 4 Out 1U 4x 1000W @ 8 Ohm;AMP.;1;€35,00 ;€42,00 
DTWO;Delay numérique TC Electronics D-TWO;PERI.;1;€25,00 ;€30,00 
E604;Micro dynamique cardioïde E604 Sennheiser;CAPT.;1;€7,00 ;€8,40 
E609;Micro supercardioïde E609 Sennheiser;CAPT.;1;€7,00 ;€8,40 
E835S;Microphone dynamique cardio Switch;CAPT.;2,22222;€6,67 ;€8,00 
E840;Micro dynamique cardioïde E840  Sennheiser;CAPT.;1;€7,00 ;€8,40 
E901;Micro statique E901 Sennheiser;CAPT.;1;€15,00 ;€18,00 
E904;Micro dynamique cardioïde E904 Sennheiser;CAPT.;1;€8,00 ;€9,60 
E908;Micro statique cuivres et percus E908 Sennheiser;CAPT.;1;€15,00 ;€18,00 
ECM8000;Microphone statique de mesure;CAPT.;1;€15,00 ;€18,00 
ECRAN;Ecran 2m50 x 2m avec socle;;1;€19,00 ;€22,80 
EFFEANALOG;Rack de traitement dynamiques composé de :;COMPO.;0;€0,00 ;€0,00 
EFFEANALOG2;Rack de traitement dynamiques et de multi-effet composé de :;COMPO.;0;€0,00 ;€0,00 
EFFEFOH2;Rack de multi-effet composé de:;COMPO.;1;€0,00 ;€0,00 
ELECTRO;Electricien OHQ habilité BC;PERS.;1;€420,00 ;€504,00 
EW145;HF main Sennheiser Capsule cardio EW145 + récepteur;HF.;1;€40,00 ;€48,00 
EW300;HF main Sennheiser SKM335G2  MD935 supercardio. + récepteur;HF.;1;€40,00 ;€48,00 
EW500;HF main Sennheiser EW500 G2 capsule e840 + récepteur;HF.;1;€52,00 ;€62,40 
FL1300;Blinder 2 lampes 1300W;;1;€10,00 ;€12,00 
FOURCHE;"Fourche pour 2 enceintes en ""U"" à emboîter sur pied diam.35mm";ACC.;1;€4,00 ;€4,80 
FOURNITURES;Consommables divers: gaffer, tape, adhesifs...;CONS.;1;€15,00 ;€18,00 
FP10K;Amplificateur classe td 4x 2,5kW sous 2 ohm;AMP.;1;€50,00 ;€60,00 
FP14K;Amplificateur class td  2 x 7000 W @ 2 ohm  Total 14kW;AMP.;1;€60,00 ;€72,00 
FUMEE;Machine à fumée;;1;€10,00 ;€12,00 
GATEDRAWMER;Quadruple Gate Drawmer MX40;PERI.;1;€15,00 ;€18,00 
GMA2LT;Console Gd MA2 light en flight;;1;€350,00 ;€420,00 
HELIUM2.7;Bouteille d'helium 2.7m3;;1;€110,00 ;€132,00 
HFCRAVAT;Micro cravate Sennheiser UHF 650 MHz + récepteur;HF.;1;€40,00 ;€48,00 
HFPOCKET;HF Sennheiser Emetteur Pocket + récepteur EW300;HF.;1;€40,00 ;€48,00 
HFSERR;Mic.Serre-tête Beyer & émetteur/récepteur Sennheiser;HF.;1;€40,00 ;€48,00 
HOTEL;Chambre d'hotel single + petit déjeuner pour 1 tech.;OPTION.;1;€60,00 ;€72,00 
HP10M;Câble haut parleur 4 points Speakon longueur 10m;CABHP.;1;€0,60 ;€0,72 
HP15M;Câble haut parleur 4 points Speakon longueur 15m;CABHP.;1;€0,70 ;€0,84 
HP20M;Câble haut parleur 4 points Speakon longueur 20m;CABHP.;1;€0,80 ;€0,96 
HP3M;Câble haut parleur 4 points Speakon longueur 3m;CABHP.;1;€0,40 ;€0,48 
HP6M;Câble haut parleur 4 points Speakon longueur 6m;CABHP.;1;€0,50 ;€0,60 
HP8/10M;Câble haut parleur 8 points Speakon longueur 10m;CABHP.;1;€0,80 ;€0,96 
HP8/15M;Câble haut parleur 8 points Speakon longueur 15m;CABHP.;1;€1,00 ;€1,20 
HP8/5M;Câble haut parleur 8 points Speakon longueur 5m;CABHP.;1;€0,60 ;€0,72 
HQ6.5;Ampli HQ6.5 LAB 2x2000W/2ohm - 2x650W/8ohm;AMP.;1;€20,00 ;€24,00 
INTERCOM;Unité centrale 2 canaux + 2 boitiers ceinture filaire;ACC.;1;€42,00 ;€50,40 
INTERCOM2;Boîtier ceinture filaire + casque;ACC.;1;€11,00 ;€13,20 
IPAD;IPad 2 16GO Wi-Fi;PERI.;1;€40,00 ;€48,00 
JEREM;Affaire suivie par Jérémy;;0;€0,00 ;€0,00 
JUNO;"JUNO ligne source 2x10"" - 100°(H) x 4°(V)";ENC.;1;€35,00 ;€42,00 
JUNOSUB;"Sub grave pour ligne Juno 18"" 1600W Aes";ENC.;1;€30,00 ;€36,00 
K10;"KRYTER10 ligne source 115°x10° - 2x10""+ 4""+1""";ENC.;1;€35,00 ;€42,00 
K12;"KRYTER12 ligne source 90°x5°- 2x12"" - 4x6,5"" - 2x1,5""";ENC.;1;€54,00 ;€64,80 
KITLEDS;Kit de 8 projecteurs Leds et accessoires:;TRAD.;41,25;€82,50 ;€99,00 
KITLEDS4;Kit de 4 projecteurs Leds au choix et accessoires:;TRAD.;42,5;€42,50 ;€51,00 
KITLEDS6;Kit de 6 projecteurs Leds et accessoires:;TRAD.;29,16667;€58,33 ;€70,00 
KITLIGHT1;Kit d'éclairage traditionel 12 circuits 32A;TRAD.;0;€0,00 ;€0,00 
KITLIGHT2;Kit d'éclairage traditionnel 24 circuits 2x32A;TRAD.;0;€0,00 ;€0,00 
KM184;Micro statique cardioïde KM184 Neumann;CAPT.;1;€15,00 ;€18,00 
KM184P;Couple de micros statiques KM184 Neumann appairés;CAPT.;35;€35,00 ;€42,00 
KMS104;Microphone statique cardioïde Neumann KMS104;CAPT.;1;€15,00 ;€18,00 
KS28;L-acoustics KS28;;1;€80,00 ;€96,00 
LA4X;L-acoustics amplificateur 4 cannaux;;1;€100,00 ;€120,00 
LA8XT;L-acoustics 8XT;;1;€25,00 ;€30,00 
LAARCSW;L-acoustics arcs 12 wide;;1;€50,00 ;€60,00 
LAK2;L-acoustics K2;;1;€120,00 ;€144,00 
LARACK2;L-acoustics la-rack2;;1;€400,00 ;€480,00 
LASER;Laser RGB;TRAD.;1;€25,00 ;€30,00 
LAX12;L-acoustics X12;;1;€40,00 ;€48,00 
LDPORT;Enceinte autonome multifonction + micro HF et accessoires;ENC.;1;€41,67 ;€50,00 
LDSYSTEM;"Système amplifié 1200W Subwoofer 18"" et 2 satellites 10"" + pieds";COMPO.;1,41667;€70,83 ;€85,00 
LED6COLOR;Projecteur compact à leds 6 couleurs;TRAD.;1;€7,00 ;€8,40 
LEDGUN;Effet d'animation multifaisceaux Led RGBW 10W;TRAD.;1;€10,00 ;€12,00 
LEDSOLO;Projecteur compact à Led RGB grand angle 30W;TRAD.;1;€7,00 ;€8,40 
LEDSPH;Kit lumineux LED 2200 lumens;;1;€190,00 ;€228,00 
LEDUV;Projecteur lumière noire à Leds;TRAD.;1;€5,00 ;€6,00 
LIVRA1;Transport colis inf 15kg;LOGI.;1;€35,00 ;€42,00 
LLC115;Processeur mono LLC115 pour MTD115;AMP.;1;€15,00 ;€18,00 
LM26;Contrôleur Audio numérique Lake LM26 2in/6out;PERI.;1;€60,00 ;€72,00 
LM44;Contrôleur Audio numérique Lake LM44 4in/4out;PERI.;1;€60,00 ;€72,00 
LPOUR;Poursuite 1200W HMI;;1;€115,00 ;€138,00 
LQ2804;Ampli Powersoft LQ2804 4x360W @ 8ohm / 4x700W @ 4ohm;;1;€20,00 ;€24,00 
LS12;"Enceinte 12"" + 1"" 400W";ENC.;0,07942;€22,00 ;€26,40 
LSYVA;L-acoustics syva;;1;€200,00 ;€240,00 
LSYVALOW;L-acoustics syva low;;1;€100,00 ;€120,00 
M32;Console digitale Midas M32;MIX.;1;€120,00 ;€144,00 
M7CL;Console de mixage numérique Yamaha M7CL 48/16;MIX.;1;€280,00 ;€336,00 
M7CL32;Console de mixage numérique Yamaha M7CL 32/16;MIX.;1;€280,00 ;€336,00 
M88;Microphone BeyerDynamic M88 TG;CAPT.;0,05814;€10,00 ;€12,00 
MANU6X;Contrôleur DMX 6 canaux + Master;TRAD.;1;€3,50 ;€4,20 
MARCO;Affaire suivie par Marc;;0;€0,00 ;€0,00 
MASTER;Vente véhicule occasion Master Court BP9445XV;;1;€6?000,00 ;€6?000,00 
MAXIM;Pupiture d'éclairage à mémoire 48 cx ADB Maxim;TRAD.;1;€50,00 ;€60,00 
MCE83;Micro statique cardioïde MCE83 Beyerdynamic;CAPT.;1;€10,00 ;€12,00 
MD421;Micro cardioïde MD421 Sennheiser;CAPT.;1;€10,00 ;€12,00 
MDG/ATM;MDG générateur brume atmosphere APS+produit+ventilateur;;1;€170,00 ;€204,00 
MDTASCAM;Lecteur MD Tascam MD350;LEC.;1;€28,00 ;€33,60 
MDX596;Lecteur Enregistreur MD.Minidisc 2U Yamaha;LEC.;1;€15,00 ;€18,00 
MG24/14;Console Yamaha MG24/14FX - 16 mono + 4 st/ 6 aux;MIX.;1;€70,00 ;€84,00 
MICROS;Kit 12 microphones de base;CAPT.;1;€70,00 ;€84,00 
MINISET;Rampe d'animation de 4 projecteurs Leds;TRAD.;0,2259;€30,00 ;€36,00 
MIXET1;Mixette Behringer 8 entrées;MIX.;1;€24,00 ;€28,80 
MKE2;Micro cravate omni Sennheiser MKE2 pour système HF;CAPT.;1;€15,00 ;€18,00 
MOA;Main d'oeuvre SAV en atelier  Taux horaire;PERS.;1;€50,00 ;€60,00 
MOAC;Main d'oeuvre mesure acoustique - Taux horaire;PERS.;1;€80,00 ;€96,00 
MODULE;Module micro XLR M/F long 10 m;MULTI.;1;€0,70 ;€0,84 
MODULE50;Module micro XLR M/F long.50m sur touret;MULTI.;1;€15,00 ;€18,00 
MODULE6M;Module micro XLR M/F long 6m;MULTI.;1;€0,40 ;€0,48 
MOE;Main d'oeuvre électronique. Taux horaire;PERS.;1;€58,00 ;€69,60 
MONTEUR;Forfait Technicien Monteur (montage et démontage);PERS.;1;€390,00 ;€468,00 
MOTEUR1T;Moteur de levage 1T CHAIN MASTER - chaîne 18m;STR.;1;€60,00 ;€72,00 
MOTEUR500;Moteur de levage donati 500 kg;STR.;1;€40,00 ;€48,00 
MSP5;Enceinte monitoring MSP5 YAMAHA;ENC.;1;€10,00 ;€12,00 
MTD115;Enceinte coax. L.ACOUSTICS MTD115 700 W;ENC.;1;€30,00 ;€36,00 
MULTI12/10;Multipaires 12 paires XLR/XLR long.10m;MULTI.;1;€4,50 ;€5,40 
MULTI12/5;Multipaires 12 paires XLR/XLR long.5m;MULTI.;1;€4,00 ;€4,80 
MULTI2/10;Double paires XLR/XLR long.10m;MULTI.;1;€1,50 ;€1,80 
MULTI2/5;Double paires XLR/XLR long.5m;MULTI.;1;€1,00 ;€1,20 
MULTI24;Multipaires 24 paires 50m sur touret + épanoui;MULTI.;1;€35,00 ;€42,00 
MULTI24/30;Multipaires 24 paires 35m sur touret + épanoui;MULTI.;1;€25,00 ;€30,00 
MULTI32;Multipaires 32 paires 50m sur touret + épanoui;MULTI.;1;€55,00 ;€66,00 
MULTI32/70;Multipaires 32 paires 70m sur touret  + épanoui;MULTI.;1;€65,00 ;€78,00 
MULTI4/10;Multipaires 4 paires XLR/XLR long.10m;MULTI.;1;€2,50 ;€3,00 
MULTI4/5;Multipaires 4 paires XLR/XLR long.5m;MULTI.;1;€2,00 ;€2,40 
MULTI8/10;Multipaires 8 paires XLR/XLR long.10m;MULTI.;1;€3,50 ;€4,20 
MULTI8/5;Multipaires 8 paires XLR/XLR long.5m;MULTI.;1;€3,00 ;€3,60 
OBS1;L'apport ultérieur d'informations peut entrainer une modification de ce devis.;OPTION.;0;€0,00 ;€0,00 
OBS2;Les remises appliquées ne sont valables que dans le cas d'un paiement comptant.;OPTION.;0;€0,00 ;€0,00 
OBS3;Condition de règlement: à réception de facture.;OPTION.;0;€0,00 ;€0,00 
OBS5;A l'acceptation de ce devis, celui-ci est à nous retourner;OPTION.;0;€0,00 ;€0,00 
OBS6;"Signé, daté, mentionné ""bon pour accord"".";OPTION.;0;€0,00 ;€0,00 
OBS7;Devis valable 1 mois à compter de la date de création.;OPTION.;0;€0,00 ;€0,00 
OBS8;Les repas de l'équipe technique sont à la charge de l'organisateur;OPTION.;0;€0,00 ;€0,00 
OBS9;Succeptible de varier en fonction du cours du change €/$ euro/dollar;;0;€0,00 ;€0,00 
P10R;Récepteur ceinture PSM1000  Shure - L8E;HF.;0,08724;€55,00 ;€66,00 
P10TE;Emetteur double PSM1000  Shure - L8E;HF.;0,09151;€180,00 ;€216,00 
P1750;Câble d'alim P17  32A M/F long 50m;ALIM.;1;€20,00 ;€24,00 
PALAN;Palan manuel 1 tonne;STR.;1;€15,00 ;€18,00 
PAR575;Projecteur PAR HPL 575;TRAD.;1;€4,00 ;€4,80 
PAR64;Projecteur PAR 64 1 kW solo;TRAD.;1;€6,00 ;€7,20 
PARTRI;Projecteur trichromique DMX 3 x 575 W HPL;TRAD.;1;€8,00 ;€9,60 
PASSCABLE;Passage de câble 150mm - section de 1m;ACC.;1;€7,00 ;€8,40 
PC1KW;Projecteur Plan Convexe 1 kW;TRAD.;1;€7,00 ;€8,40 
PCM60;Reverb Lexicon PCM60;PERI.;1;€25,00 ;€30,00 
PEC;Prise en charge Véhicule départ Caen forfait;LOGI.;1;€95,00 ;€114,00 
PENDRI;Pendrillonnage rideau L:3/ H:6m oeillets + nouettes;ACC.;1;€30,00 ;€36,00 
PHD8;2 way full range loudspeaker 200w;ENC.;1;€15,00 ;€18,00 
PIEDCREM;Pied d'enceinte 35mm en aluminium à crémaillère  2.40m;STR.;1;€8,00 ;€9,60 
PIEDDROIT;Pied de micro droit embase lourde K&M;ACC.;1;€3,00 ;€3,60 
PIEDELV270;Pied de levage 2,70m 60kg Max;STR.;8;€8,00 ;€9,60 
PIEDGRAND;Grand pied perche K&M pour microphone;ACC.;1;€3,00 ;€3,60 
PIEDMOBILTECH;Pied de levage Mobiltech 100 kg / h 4.20 m;STR.;1;€23,00 ;€27,60 
PIEDPETIT;Petit pied perche K&M pour microphone;ACC.;1;€3,00 ;€3,60 
PIEDSENN;Pied support enceinte 35 kg SENN;ACC.;1;€4,00 ;€4,80 
PIEDSMIC15;Ensemble de 15 pieds de micros noir K&M;ACC.;1;€36,00 ;€43,20 
PIEDSMICROS;Ensemble standard 12 pieds micros K&M;ACC.;1;€30,00 ;€36,00 
PIEDTABLE;Pied de micro embase ronde pour table;ACC.;1;€1,50 ;€1,80 
PIEDTO74;Pied de levage VMB TO74 220 kg - h  max 5.50 m;STR.;1;€32,00 ;€38,40 
PIEDTUB;Barre d'extension téléscopique Sub/Tête K&M;ACC.;1;€4,00 ;€4,80 
PILE1.5;Pile longue durée Alcaline R6 type bâton 1.5V pour micro HF;CON.;1;€1,20 ;€1,44 
PILE9V;Pile longue durée alcaline type 6LR61 9V;CONS.;1;€5,00 ;€6,00 
PLM10000Q;Lab Gruppen PLM10000Q 4x2300W Processing Lake;AMP.;1;€80,00 ;€96,00 
PM3500;Console de mixage  Yamaha PM3500 40/8/2   8 VCA + ALIM;MIX.;1;€285,00 ;€342,00 
PM3500/32;Console de mixage Yamaha PM3500 32+4/8/2;;1;€214,00 ;€256,80 
PM3500M;Console de mixage Yamaha PM3500 Monitor 52/18;MIX.;1;€380,00 ;€456,00 
PM4000;Console MixageYamaha PM4000 44/8st/12aux;MIX.;1;€380,00 ;€456,00 
POINTE;Automatique ROBE robin pointe;;1;€90,00 ;€108,00 
PONT250;Ensemble levage Mobiltech Pont 10 m alu 250 + 2 pieds 100 kg;STR.;1;€46,00 ;€55,20 
PONT500;Kit Pont Guillet 500 12m + 2 pieds Work 220 kg 5.5m;STR.;1;€120,00 ;€144,00 
POUTRE250;Poutre 2 m Mobiltech alu 250  à correction de chappe;STR.;1;€10,00 ;€12,00 
POUTRE300C;Poutre truss alu renforcé carré section 300mm long 3m;STR.;1;€20,00 ;€24,00 
POUTRE500;Poutre 3 m Guillet 500 triangulaire;STR.;1;€25,00 ;€30,00 
POUTRE500R;Poutre 1 m Guillet 500 triangulaire;STR.;1;€10,00 ;€12,00 
PRATOS;Praticable 2 X 1;STR.;1;€30,00 ;€36,00 
PROLONG;Prolongateur 2 pôles + terre;CABLIGHT.;1;€0,60 ;€0,72 
PSM1000;Ensemble émetteur/récepteur In Ear Monitor PSM1000 Shure;HF.;0,08929;€150,00 ;€180,00 
QL1;Yamaha QL1;;1;€200,00 ;€240,00 
QL5;Console de mixage Yamaha QL5;;1;€280,00 ;€336,00 
QUARTZ;Projecteur halogène 500 W;TRAD.;1;€5,00 ;€6,00 
RACK115;Rack Amplification et Process 1 circuit  MTD115;AMP.;1;€20,00 ;€24,00 
RACK8JUNO;Amplification 10000Q + XTA DP224 pour 8 Juno10;AMP.;1;€75,00 ;€90,00 
RACKARCS;Rack amplification pour diffusion 1 à 6 ARCS;AMP.;1;€50,00 ;€60,00 
RACKDJIP;Amplification Powersoft pour 4 circuits DJIP 4x 400W;AMP.;1;€30,00 ;€36,00 
RACKK10;Rack amplification 10kW pour 8 K10 + Processeur;AMP.;1;€75,00 ;€90,00 
RACKRO;Rack d'amplification et processing pour 1 à 6 Ro15;AMP.;1;€75,00 ;€90,00 
RACKSUBFP;Rack 1ampli 10k Solo pour 4x TK-BR 25;AMP.;1;€45,00 ;€54,00 
RACKXO2;Rack amplification et processing 2 canaux Xo15;AMP.;1;€35,00 ;€42,00 
RACKXO4;Rack amplification et processing 4 canaux Xo15;AMP.;1;€75,00 ;€90,00 
RACKXO6;Rack amplification et processing 6 canaux Xo15;AMP.;1;€90,00 ;€108,00 
RACKXO8;Rack amplification et processing 8 canaux Xo15 en P17/32;AMP.;1;€130,00 ;€156,00 
RACKXOACT;Rack amplification et processing 4 canaux actifs Xo15;AMP.;1;€130,00 ;€156,00 
RACKXORO;Rack 10k 4 canaux bi-amp pour 2 Xo15/Ro15;AMP.;1;€50,00 ;€60,00 
RECEPTEURHF;Récepteur HF Sennheiser seul;HF.;1;€30,00 ;€36,00 
REGIEPLAT;Régisseur plateau cachet brut + charges;PERS.;1;€368,00 ;€441,60 
REGISSEUR;Régisseur général cachet brut + charges;PERS.;1;€390,00 ;€468,00 
RI8;Rack RI8-D/8 entrées pour CL5 Yamaha;MIX.;1;€30,00 ;€36,00 
RIGGER;Technicien habilité accroche/levage et travail en hauteur;PERS.;1;€390,00 ;€468,00 
RIO32/24;Rack Yamaha RIO32in/16out + 4 AES;MIX.;1;€150,00 ;€180,00 
RJ100;Câble Ethercon CAT5e 100m;CON.;1;€40,00 ;€48,00 
RJ20;Câble Ethercon CAT5e 20m;CON.;1;€15,00 ;€18,00 
RJ30;Câbles Ethernet Cat5e 30m;CON.;1;€18,00 ;€21,60 
RJ50;Câble Ethercon CAT5e 50m;CON.;1;€20,00 ;€24,00 
RJ70;Câble Ethercon CAT6 70m;CON.;1;€30,00 ;€36,00 
RJ80;Câble RJ45 Cat.6 sur touret 80m;CON.;1;€35,00 ;€42,00 
RK/K10/8;Rack d'amplification et processing pour 8 K10;AMP.;1;€75,00 ;€90,00 
RK/K12/8;Rack d'amplification et processing pour 8 K12;AMP.;1;€125,00 ;€150,00 
RO15;"Elément à courbure constante 25°.800W 15"" 1,4"" Waveguide";ENC.;1;€30,00 ;€36,00 
ROAD;Assistant montage / démontage;PERS.;1;€228,00 ;€273,60 
S3;AYRTON Nandobeam s3;;1;€60,00 ;€72,00 
SB118;SUB 1x18'' / 1Kw;ENC.;20;€20,00 ;€24,00 
SB218;Enceinte subgrave L.ACOUSTICS SB218 2 kW;ENC.;1;€35,00 ;€42,00 
SE215;Écouteurs intra-auriculaire SE215 Shure;HF.;0,07497;€5,00 ;€6,00 
SERRETETEBEYER;Micro serre-tête BeyerDynamic chair pour HF série EW;CAPT.;1;€15,00 ;€18,00 
SM10A;Micro casque dynamique SM10a Shure;CAPT.;1;€7,00 ;€8,40 
SM57;Micro cardioïde SM57 Shure;CAPT.;1;€7,00 ;€8,40 
SM58;Micro cardioïde SM58 Shure;CAPT.;1;€7,00 ;€8,40 
SM87A;Micro statique cardioïde SM87A Shure;CAPT.;1;€15,00 ;€18,00 
SM91;Microphone statique SM91 Shure;CAPT.;1;€15,00 ;€18,00 
SOUSPATCH;Ensemble câblage sous-patch harting et boîtiers modulaires;CON.;1;€40,00 ;€48,00 
SP2060;Loud Speaker Processor Yamaha SP2060;PERI.;1;€35,00 ;€42,00 
SPH1.6;Sphère Blanche diam1.6mètres;;1;€285,00 ;€342,00 
SPX990;Multi effets Yamaha SPX990;PERI.;1;€25,00 ;€30,00 
ST24;Pied de levage GENIE ST24 - 295 kg / h.7m;STR.;1;€79,00 ;€94,80 
STAGE16/8;Stage Box 16in/8out ou 24in + 24 modules;MULTI.;1;€10,00 ;€12,00 
STAGE24;Stage Box 24 in + 24 modules + 2 sous-patchs;MULTI.;1;€10,00 ;€12,00 
STAGE32;Stage Box 32 in + 32 modules + 3 sous-patchs;MULTI.;1;€15,00 ;€18,00 
STOPCHUTE500;Antichute de charge KRATOS 500kg - câble 15m;STR.;1;€40,00 ;€48,00 
TCM2000;Unité de réverbération numérique tc.electronic M2000;PERI.;1;€38,00 ;€45,60 
TCM3000;Unité de réverbération numérique tc.electronic M3000;PERI.;1;€42,00 ;€50,40 
TECHK12;Technicien agrémenté KRYTER12;PERS.;1;€390,00 ;€468,00 
TECHK12/10;Technicien agrémenté KYU Systems Kryter 12/10;PERS.;1;€390,00 ;€468,00 
TECHLED;Technicien Ecran LED;PERS.;1;€368,00 ;€441,60 
TECHLIGHT;Technicien éclairagiste cachet brut + charges;PERS.;1;€368,00 ;€441,60 
TECHSON;Technicien sonorisateur cachet brut + charges;PERS.;1;€368,00 ;€441,60 
TECHSON1;Technicien sonorisateur cachet brut + charges;PERS.;1;€378,00 ;€453,60 
TECHVIDEO;Technicien vidéo cachet brut + charges;PERS.;1;€368,00 ;€441,60 
TELECOMMANDE;Télécommande pour 1/2 moteurs (P17 32 A);STR.;1;€15,00 ;€18,00 
TENTE;Tente de régie noire 3m x 3m;ACC.;1;€50,00 ;€60,00 
TK18;"Enceinte sub 8 Ohms à pavillon replié / 1x 18"" 1000W";ENC.;1;€20,00 ;€24,00 
TK25;"Enceinte Sub à pavillon replié / 2x18"" - 2000W";ENC.;1;€35,00 ;€42,00 
TK36;"Enceinte subgrave cardio 2x 4ohm à pavillon replié/4x18""/4000W";ENC.;1;€50,00 ;€60,00 
TL21;"Enceinte SUB 1x21""";ENC.;1;€80,00 ;€96,00 
TOOLBOX;Analyseur audio multi fonctions TOOLBOX;ACC.;1;€23,00 ;€27,60 
TOWER;Hi Tower motorisé h. 6m / 400kg;STR.;1;€100,00 ;€120,00 
TRANSFO;Transformateur 110V/220V - 630 VA - 3,5 A - en rack;CON.;1;€30,00 ;€36,00 
TRANSFOBF;Boitier d'isolation galvanique 2 circuits + earth-lift;CON.;1;€4,00 ;€4,80 
TRANSP03;Transport VL  prix au Km;LOGI.;1;€0,80 ;€0,96 
TRANSP1;Transport 20m3 prix au km;LOGI.;1;€0,90 ;€1,08 
TRANSP2;Transport 35m3 prix au km;LOGI.;1;€1,20 ;€1,44 
TRANSP4;Forfait transport;LOGI.;1;€150,00 ;€180,00 
TRANSPF;Transport/Livraison matériel périmètre Caen < 10km;LOGI.;1;€65,00 ;€78,00 
ULTRAGAINADA8000;Ultra Gain Pro-8 Digital ADA8000;PERI.;1;€20,00 ;€24,00 
UR1;Emetteur HF Pocket UR1 Shure;HF.;1;€15,00 ;€18,00 
UR1M;Emetteur HF Pocket Mini UR1M Shure;HF.;1;€15,00 ;€18,00 
UR2;Emetteur HF main Shure UR2;HF.;1;€15,00 ;€18,00 
UR2B58;Capsule Beta 58 Shure pour Emetteur main UR2;HF.;1;€5,00 ;€6,00 
UR2SM58;Capsule SM58 Shure pour Emetteur main UR2;HF.;1;€5,00 ;€6,00 
UR4D;Système HF Shure émetteur/récepteur URsérie micro B58;HF.;1;€69,00 ;€82,80 
UR4DPOCKET;Liaison UHF Shure URsérie - Emetteur Pocket;HF.;1;€69,00 ;€82,80 
UR4DSOLO;Récepteur double HF Shure UR4D;HF.;1;€55,00 ;€66,00 
V88C10;Ampli Linea Research 8x 1250W AES5 with DSP 2U 12kg;VDIVELEC.;1,66667;€7?000,00 ;€8?400,00 
VBR18;"KYU SYSTEMS BR18 Sub Bass Reflex 1x18""";VAD.;1;€2?530,00 ;€3?036,00 
VBR25;"KYU SYSTEMS BR25 Sub Bass Reflex 2x18"" bobines 5""";VAD.;1;€2?800,00 ;€3?360,00 
VBRC21;"BR121C Subwoofer 21"" Carbon 1200W 5""Vc sens 99dB 28-120Hz";VAD.;4;€4?000,00 ;€4?800,00 
VBUMPER;Bumper d'accroche pour série Kryter;VAD.;1;€1?400,00 ;€1?680,00 
VBUMPERRO;Bumper d'accroche pour 3 Ro15;VAD.;1;€360,00 ;€432,00 
VBUMPJUNO;Bumper d'accroche pour Juno et Juno Sub;VAD.;1;€1?500,00 ;€1?800,00 
VCOUPLERO;Ensemble de 2 barres de couplage pour Ro15;VAD.;1;€200,00 ;€240,00 
VDCX2496;Processeur DCX2496 Behringer 3 IN/6 OUT;;1;€308,53 ;€370,24 
VDIV;Vente divers;;0;€0,00 ;€0,00 
VDOLLYK10;Dolly de transport à roulettes et capot de protection pour 4 Kryter10;VAD.;2,49169;€323,92 ;€388,70 
VDOLLYK12;Dolly de transport à roulettes et capot de protection pour 3 à 4 Kryter12;;2,49169;€323,92 ;€388,70 
VDOLLYRO;Chariot de transport pour 3 Ro15;VAD.;1;€250,00 ;€300,00 
VDOLLYTK;Chariot de transport pour TK36 et 25;VAD.;1;€640,00 ;€768,00 
VFLIGHTJUNO;Flight case pour 4 Juno ou 2 Juno Sub;VAD.;1;€700,00 ;€840,00 
VFLIGHTRO;Flight case pour 3 Ro15;VAD.;1;€700,00 ;€840,00 
VFLIGHTX8;Flight case pour 4 enceintes X8;VAD.;1;€300,00 ;€360,00 
VFLIGHTXO;Flight case pour 2 Xo15;;1;€400,00 ;€480,00 
VFP10000Q;Amplificateur LAB GRUPPEN 4x 2500W;VDIVELEC.;1;€4?936,00 ;€5?923,20 
VFP10K;Amplificateur Fp10k  4x 2500W classe TD;VAD.;1;€2?000,00 ;€2?400,00 
VGOUP10;Goupille aéronautique pour Kryter12/10 - diam.10mm;VAD.;1;€17,00 ;€20,40 
VGOUP12;Goupille aéronautique pour Kryter12 /10 - diam.12mm;VAD.;1;€26,00 ;€31,20 
VHOUSBR18;Housse de protection pour BR18;VAD.;1;€350,00 ;€420,00 
VHQ15;Amplificateur SAE HQ15 classH 2x3700W/2ohm-2x1500W/8ohm;VAD.;1;€1?813,00 ;€2?175,60 
VHQ6.5;Amplificateur SAE HQ6.5 classH 2x 700W/8  2x 1200W/4;VAD.;5,98;€1?196,00 ;€1?435,20 
VJUNO;KYU SYSTEMS Juno ligne source 3 voies;VAD.;1;€4?900,00 ;€5?880,00 
VJUNOSUB;"KYU SYSTEMS Juno Sub 1x18"" riggable";VAD.;1;€2?900,00 ;€3?480,00 
VK10;"KYU SYSTEMS Kryter10 Line source 115°x10°- 2x10"" + coax 4""+1""";VAD.;4,98333;€4?485,00 ;€5?382,00 
VK12;"KYU SYSTEMS Kryter12 Line Source 90°x5°- 2x12"" - 4x6"" - 2x1.5""";VAD.;1;€7?000,00 ;€8?400,00 
VLM26;LAKE LM26 contrôleur numérique 2 in/6 out;VAD.;1;€3?980,00 ;€4?776,00 
VLM44;LAKE LM44 contrôleur numérique MESA EQ 4 in/4 out;VAD.;1;€4?390,00 ;€5?268,00 
VMODULE10;Câble micro XLR/XLR mâle/femelle A-ONE long.10m;VAD.;1;€13,30 ;€15,96 
VMODULE5;Câble micro XLR/XLR mâle/femelle A-ONE long 5m;VAD.;1;€9,11 ;€10,93 
VP;Vidéo Projecteur Matrice LED 4500lmn;;1;€20,00 ;€24,00 
VPIVOT;Jeu de 2 pivots avant pour KRYTER 12 et 10;VAD.;0;€0,00 ;€0,00 
VPLM10000Q;Lab Gruppen PLM10000Q 4x 2500W + Dolby Lake;VAD.;1;€8?770,00 ;€10?524,00 
VPLM12K44;Lab Gruppen PLM12K44 4x3000W + Lake;VDIVELEC.;1,56872;€9?850,00 ;€11?820,00 
VRO15;KYU SYSTEMS Ro15 ligne source horizontale 2 voies actives - 25°;VAD.;1;€3?000,00 ;€3?600,00 
VSTACKER;Stacker en acier pour série Kryter;;1,99333;€1?794,00 ;€2?152,80 
VTK18;"KYU SYSTEMS TK18 Sub 1x18"" pavillonné";VAD.;1;€1?700,00 ;€2?040,00 
VTK25;"KYU SYSTEMS TK25 Sub 2x18"" pavillonné";VAD.;1;€2?800,00 ;€3?360,00 
VTK36;"KYU SYSTEMS TK36 Sub 4x18"" pavillonné";VAD.;1;€4?200,00 ;€5?040,00 
VVERIN;Vérin de polarisation pour KRYTER 12 et 10;VAD.;1;€360,00 ;€432,00 
VX12;Ampli SAE X12 2x1200W/8ohm - classe H - 3 étages;VAD.;1;€2?700,00 ;€3?240,00 
VXO15;"KYU SYSTEMS Xo15 point source 15""+ 2"" coax.";VAD.;1;€1?900,00 ;€2?280,00 
WING;CONSOLE grand MA WING;;1;€100,00 ;€120,00 
X12;Ampli class H  X12 2x3000W/2ohm - 2x1200W/8ohm;AMP.;1;€35,00 ;€42,00 
X32MIXDIGITAL;Console digitale X32 Behringer;MIX.;1;€70,00 ;€84,00 
XENYX;Console de mixage Behringer Xenyx X1832USB;MIX.;1;€20,00 ;€24,00 
XENYX1204;Console de mixage Behringer Xenyx 1204USB;MIX.;1;€10,00 ;€12,00 
XO15;"Enceinte de retour coaxiale 15"" + 2"" point source à 60°";ENC.;1;€30,00 ;€36,00 
XTA;Egaliseur 1/3oct. stéréo XTA;PERI.;1;€25,00 ;€30,00 
